Ticker,Nome,Categoria,Setor,Preço Atual,Dividendos 12M,DY (%),P/VP,Liquidez,Patrimônio,Atualizado Em,Erro
ALZR11,Alianza Trust Renda Imobiliaria Fundo Investimento Imobiliario,FII/UNIT,Real Estate,R$ 9.94,R$ 1.00,10.1%,0.0,309.61K,R$ 1.64B,2026-10-01 01:05:21,
BTAL11,FII Btg Pactual Agro Logistica,FII,Real Estate,R$ 82.24,R$ 11.80,14.35%,0.72,6.13K,R$ 492.02M,2026-10-01 01:05:22,
BTLG11,BTG Pactual Logística Fundo de Investimento Imobiliário,FII/UNIT,Real Estate,R$ 98.94,R$ 9.61,9.71%,0.96,157.07K,R$ 4.29B,2026-10-01 01:05:22,
CPTS11,Capitania Securities II Fundo Investimento Imobiliario FII,FII,Real Estate,R$ 7.53,R$ 1.08,14.34%,0.0,947.53K,R$ 2.47B,2026-10-01 01:05:23,
DEVA11,Devant Recebiveis Imobiliarios Fundo De Investimento Imobiliario,FII/UNIT,Real Estate,R$ 17.07,R$ 3.96,23.2%,0.0,24.30K,R$ 239.75M,2026-10-01 01:05:23,
GGRC11,Ggr Covipe Renda Fundo Investimento Imobiliario,FII/UNIT,Real Estate,R$ 8.99,R$ 1.10,12.24%,0.0,1.67M,R$ 1.37B,2026-10-01 01:05:23,
HCTR11,Fundo De Investimento Imobiliario Hectare Ce,FII/UNIT,Financial Services,R$ 13.00,R$ 3.30,25.38%,0.0,39.16K,R$ 287.09M,2026-10-01 01:05:24,
HFOF11,Hedge Top Fofii 3 Fundo Investimento Imobilirio,FII,Real Estate,R$ 6.30,R$ 0.70,11.17%,0.0,289.40K,R$ 1.42B,2026-10-01 01:05:24,
HGBS11,HEDGE Brasil Shopping Fundo de Investimento Imobiliário,FII/UNIT,Real Estate,R$ 18.57,R$ 1.95,10.5%,0.89,249.06K,R$ 2.40B,2026-10-01 01:05:24,
HGCR11,CSHG Recebiveis Imobiliarios BC Fundo de Investimento Imobiliario - FII,FII,Real Estate,R$ 94.85,R$ 11.75,12.39%,0.0,32.86K,R$ 1.46B,2026-10-01 01:05:25,
HGFF11,CSHG Imobiliario Fof - Fundo De Investimento Imobiliario - Fii,FII,Real Estate,R$ 0.00,R$ 1.98,0.0%,0.0,0.00,R$ 0.00,2026-10-01 01:05:25,
HGLG11,Cshg Logistica - Fundo De Investimento Imobiliario,FII/UNIT,Real Estate,R$ 147.95,R$ 13.34,9.02%,0.93,124.94K,R$ 5.00B,2026-10-01 01:05:26,
HGPO11,Cshg Jhsf Prime Offices Fundo De Investimento Imobiliario,FII/UNIT,Real Estate,R$ 0.00,R$ 158.02,0.0%,0.0,0.00,R$ 0.00,2026-10-01 01:05:26,
HSML11,Hsi Malls Fundo De Investimento Imobiliario,FII/UNIT,Financial Services,R$ 83.58,R$ 8.59,10.28%,0.0,43.55K,R$ 1.74B,2026-10-01 01:05:26,
IRDM11,,,,,,,,,,,'NoneType' object has no attribute 'index'
JSRE11,JS Real Estate multigestão - FII fund,FII,Real Estate,R$ 61.55,R$ 5.80,9.42%,0.56,47.16K,R$ 1.28B,2026-10-01 01:05:27,
KFOF11,Kinea Fundo Fundos De Investimento Imobiliario FII,FII,Financial Services,R$ 77.97,R$ 9.60,12.31%,0.0,11.81K,R$ 546.93M,2026-10-01 01:05:27,
KNCR11,Kinea Rendimentos Imobiliários Fundo de Investimento Imobiliário - FII,FII,Real Estate,R$ 106.40,R$ 14.14,13.29%,1.05,204.36K,R$ 8.16B,2026-10-01 01:05:28,
KNHY11,Kinea High Yield Cri Fundo Investimento Imobiliario FII,FII,Financial Services,R$ 94.75,R$ 12.68,13.38%,0.0,46.86K,R$ 2.95B,2026-10-01 01:05:28,
KNIP11,Kinea Indices Precos Fundo Investimento Imobiliario - FII,FII,Real Estate,R$ 89.20,R$ 10.11,11.33%,0.0,107.41K,R$ 7.14B,2026-10-01 01:05:28,
KNRI11,Kinea Renda Imobiliária Fundo de Investimento Imobiliário,FII/UNIT,Real Estate,R$ 157.01,R$ 13.11,8.35%,0.98,46.44K,R$ 4.43B,2026-10-01 01:05:29,
LVBI11,Fundo De Investimento Imobiliario - VBI Logistico - Cota Fund,FII/UNIT,Real Estate,R$ 97.90,R$ 9.05,9.24%,0.0,37.99K,R$ 0.00,2026-10-01 01:05:29,
MXRF11,Maxi Renda Fundo De Investimento Imobiliaro - FII,FII,Real Estate,R$ 9.17,R$ 1.19,13.02%,0.92,1.86M,R$ 4.22B,2026-10-01 01:05:30,
PATL11,Patria Logistica Fundo De Investimento Imobiliario,FII/UNIT,Real Estate,R$ 64.15,R$ 11.95,18.63%,0.0,0.00,R$ 320.21M,2026-10-01 01:05:30,
PVBI11,Fundo De Investimento ImobiliarRio Vbi Prime Properties,FII/UNIT,Real Estate,R$ 66.03,R$ 5.07,7.68%,0.0,57.07K,R$ 1.79B,2026-10-01 01:05:30,
RBRF11,Fundo Investimento Imobiliario Rbr Alpha Fundos De Fundos,FII/UNIT,Real Estate,R$ 6.65,R$ 0.45,6.78%,0.0,0.00,R$ 909.77M,2026-10-01 01:05:31,
RBRR11,Fundo Investimento Imobiliario - FII RBR Rendimento High Grade,FII,Financial Services,R$ 68.96,R$ 9.93,14.4%,0.0,62.45K,R$ 0.00,2026-10-01 01:05:31,
RECR11,Fundo Investimento Imobiliario Fii Ubs (Br) Recebveis Imobiliarios,FII,Real Estate,R$ 74.35,R$ 10.63,14.29%,0.0,36.74K,R$ 2.77B,2026-10-01 01:05:31,
RECT11,Fundo De Investimento Imobiliario - FII UBS Office,FII,Financial Services,R$ 33.08,R$ 5.23,15.82%,0.0,10.70K,R$ 25.69M,2026-10-01 01:05:32,
SNCI11,Suno Recebiveis Imobiliarios Fundo De Investimento Imobiliario,FII/UNIT,Real Estate,R$ 82.55,R$ 12.00,14.54%,0.0,4.96K,R$ 346.71M,2026-10-01 01:05:32,
TGAR11,Fundo Investimento Imobiliario TG Ativo Real,FII/UNIT,Real Estate,R$ 43.70,R$ 9.73,22.27%,0.0,73.32K,R$ 1.03B,2026-10-01 01:05:32,
TRXF11,TRX REAL ESTATE FUNDO DE INVESTIMENTO IMOBILIÁRIO - FII,FII,Real Estate,R$ 71.79,R$ 10.87,15.14%,0.0,391.04K,R$ 2.33B,2026-10-01 01:05:33,
URPR11,Urca Prime Renda Fundo De Investimento Imobiliario - FII,FII,Real Estate,R$ 19.80,R$ 3.99,20.15%,0.0,27.37K,R$ 232.33M,2026-10-01 01:05:33,
VGHF11,Valora Hedge Fund Fundo De Investimento Imobiliario - Fii,FII,Real Estate,R$ 5.06,R$ 0.83,16.4%,0.0,436.23K,R$ 833.49M,2026-10-01 01:05:33,
VISC11,Vinci Shopping Centers Fundo Investimento Imobiliario - Fii,FII,Real Estate,R$ 103.00,R$ 9.96,9.67%,0.0,52.62K,R$ 2.97B,2026-10-01 01:05:34,
VRTA11,Fator Veritá Fundo de Investimento Imobiliário - FII,FII,Real Estate,R$ 72.36,R$ 10.20,14.1%,0.79,23.52K,R$ 1.13B,2026-10-01 01:05:34,
XPCM11,XP Corporate Macaé Fundo de Investimento Imobiliário - FII,FII,Real Estate,R$ 7.86,R$ 0.00,0.0%,0.1,2.15K,R$ 19.23M,2026-10-01 01:05:34,
XPIN11,Xp Industrial Fundo Investimento Imobiliario,FII/UNIT,Real Estate,R$ 62.04,R$ 10.02,16.15%,0.0,1.25K,R$ 443.61M,2026-10-01 01:05:35,
XPML11,Xp Malls Fundo Investimentos Imobiliarios,FII/UNIT,Real Estate,R$ 99.64,R$ 11.07,11.11%,0.0,176.31K,R$ 5.65B,2026-10-01 01:05:35,
ABEV3,Ambev S.A.,AÇÃO,Consumer Defensive,R$ 15.36,R$ 0.85,5.51%,2.69,27.04M,R$ 236.80B,2026-10-01 01:05:36,
ALOS3,Allos S.A.,AÇÃO,Real Estate,R$ 29.49,R$ 3.32,11.25%,1.15,4.25M,R$ 14.75B,2026-10-01 01:05:36,
ALPA4,Alpargatas S.A.,AÇÃO,Consumer Cyclical,R$ 14.18,R$ 1.79,12.66%,2.66,1.85M,R$ 9.63B,2026-10-01 01:05:36,
AMER3,Americanas S.A.,AÇÃO,Consumer Cyclical,R$ 5.49,R$ 0.00,0.0%,0.26,1.66M,R$ 1.10B,2026-10-01 01:05:37,
ASAI3,Sendas Distribuidora S.A.,AÇÃO,Consumer Defensive,R$ 10.93,R$ 0.10,0.95%,2.31,10.63M,R$ 14.60B,2026-10-01 01:05:37,
B3SA3,"B3 S.A. - Brasil, Bolsa, Balcão",AÇÃO,Financial Services,R$ 18.34,R$ 0.90,4.92%,4.9,36.72M,R$ 91.35B,2026-10-01 01:05:37,
BBAS3,Banco do Brasil S.A.,AÇÃO,Financial Services,R$ 23.07,R$ 0.65,2.84%,0.72,28.43M,R$ 131.70B,2026-10-01 01:05:38,
BBDC3,Banco Bradesco S.A.,AÇÃO,Financial Services,R$ 16.22,R$ 1.14,7.04%,0.95,6.69M,R$ 171.76B,2026-10-01 01:05:38,
BBDC4,Banco Bradesco S.A.,AÇÃO,Financial Services,R$ 18.51,R$ 1.26,6.79%,1.08,35.71M,R$ 196.01B,2026-10-01 01:05:39,
BBSE3,BB Seguridade Participações S.A.,AÇÃO,Financial Services,R$ 39.18,R$ 4.59,11.72%,6.98,6.00M,R$ 76.06B,2026-10-01 01:05:39,
BEEF3,Minerva S.A.,AÇÃO,Consumer Defensive,R$ 3.94,R$ 0.20,4.97%,2.47,15.86M,R$ 3.91B,2026-10-01 01:05:39,
BPAC11,Banco BTG Pactual S.A.,FII/UNIT,Financial Services,R$ 64.10,R$ 1.42,2.22%,3.84,10.24M,R$ 215.99B,2026-10-01 01:05:40,
BRAP4,Bradespar S.A.,AÇÃO,Financial Services,R$ 20.23,R$ 2.36,11.65%,0.99,1.94M,R$ 7.95B,2026-10-01 01:05:40,
BRKM5,Braskem S.A.,AÇÃO,Basic Materials,R$ 4.24,R$ 0.00,0.0%,-0.27,7.08M,R$ 3.38B,2026-10-01 01:05:41,
CMIG4,Companhia Energética de Minas Gerais - CEMIG,AÇÃO,Utilities,R$ 11.16,R$ 1.14,10.21%,1.09,13.79M,R$ 31.93B,2026-10-01 01:05:41,
CMIN3,CSN Mineração S.A.,AÇÃO,Basic Materials,R$ 5.01,R$ 0.39,7.7%,3.69,8.86M,R$ 26.91B,2026-10-01 01:05:42,
COGN3,Cogna Educação S.A.,AÇÃO,Consumer Defensive,R$ 2.32,R$ 0.13,5.56%,0.34,28.68M,R$ 4.65B,2026-10-01 01:05:42,
CPFE3,CPFL Energia S.A.,AÇÃO,Utilities,R$ 45.51,R$ 3.73,8.2%,2.31,1.54M,R$ 52.44B,2026-10-01 01:05:42,
CSAN3,Cosan S.A.,AÇÃO,Energy,R$ 3.96,R$ 0.00,0.0%,3.14,28.07M,R$ 15.62B,2026-10-01 01:05:43,
CSMG3,Companhia de Saneamento de Minas Gerais,AÇÃO,Utilities,R$ 56.31,R$ 1.99,3.54%,2.41,3.97M,R$ 21.35B,2026-10-01 01:05:43,
CSNA3,Companhia Siderúrgica Nacional,AÇÃO,Basic Materials,R$ 5.77,R$ 0.00,0.0%,0.63,17.90M,R$ 7.65B,2026-10-01 01:05:44,
CVCB3,CVC Brasil Operadora e Agência de Viagens S.A.,AÇÃO,Consumer Cyclical,R$ 1.49,R$ 0.00,0.0%,2.4,14.30M,R$ 775.99M,2026-10-01 01:05:44,
CYRE3,Cyrela Brazil Realty S.A. Empreendimentos e Participações,AÇÃO,Consumer Cyclical,R$ 27.18,R$ 2.73,10.04%,1.06,7.27M,R$ 9.81B,2026-10-01 01:05:44,
DXCO3,Dexco S.A.,AÇÃO,Basic Materials,R$ 5.81,R$ 0.00,0.0%,0.76,1.70M,R$ 5.27B,2026-10-01 01:05:45,
EGIE3,Engie Brasil Energia S.A.,AÇÃO,Utilities,R$ 29.46,R$ 1.12,3.79%,2.24,3.91M,R$ 41.73B,2026-10-01 01:05:45,
ENEV3,Eneva S.A.,AÇÃO,Utilities,R$ 27.87,R$ 0.00,0.0%,2.62,9.32M,R$ 53.52B,2026-10-01 01:05:46,
ENGI11,Energisa S.A.,FII/UNIT,Utilities,R$ 52.97,R$ 1.14,2.15%,1.04,3.39M,R$ 16.22B,2026-10-01 01:05:46,
EQTL3,Equatorial S.A.,AÇÃO,Utilities,R$ 40.65,R$ 1.58,3.89%,1.95,8.75M,R$ 51.07B,2026-10-01 01:05:47,
EZTC3,EZTEC Empreendimentos e Participações S.A.,AÇÃO,Real Estate,R$ 14.01,R$ 0.99,7.07%,0.74,2.62M,R$ 3.89B,2026-10-01 01:05:47,
FLRY3,Fleury S.A.,AÇÃO,Healthcare,R$ 22.79,R$ 1.30,5.7%,2.48,3.47M,R$ 12.39B,2026-10-01 01:05:47,
GGBR4,Gerdau S.A.,AÇÃO,Basic Materials,R$ 24.27,R$ 0.79,3.26%,0.89,9.25M,R$ 47.61B,2026-10-01 01:05:48,
GOAU4,Metalurgica Gerdau S.A.,AÇÃO,Basic Materials,R$ 10.94,R$ 0.38,3.5%,0.75,8.14M,R$ 14.47B,2026-10-01 01:05:48,
HAPV3,Hapvida Participações e Investimentos S.A.,AÇÃO,Financial Services,R$ 6.67,R$ 0.00,0.0%,0.07,7.90M,R$ 3.17B,2026-10-01 01:05:49,
HYPE3,Hypera S.A.,AÇÃO,Healthcare,R$ 24.48,R$ 1.08,4.41%,1.19,2.97M,R$ 17.23B,2026-10-01 01:05:49,
IRBR3,IRB-Brasil Resseguros S.A.,AÇÃO,Financial Services,R$ 61.66,R$ 1.58,2.56%,0.94,671.39K,R$ 5.00B,2026-10-01 01:05:50,
ISAE4,ISA Energía Brasil S.A.,AÇÃO,Utilities,R$ 27.59,R$ 1.85,6.71%,0.82,3.34M,R$ 19.47B,2026-10-01 01:05:50,
ITSA4,Itaúsa S.A.,AÇÃO,Industrials,R$ 14.60,R$ 1.13,7.72%,1.74,21.45M,R$ 163.63B,2026-10-01 01:05:50,
ITUB4,Itaú Unibanco Holding S.A.,AÇÃO,Financial Services,R$ 44.28,R$ 3.10,7.0%,2.24,22.55M,R$ 488.05B,2026-10-01 01:05:51,
KLBN11,Klabin S.A.,FII/UNIT,Basic Materials,R$ 18.11,R$ 1.16,6.41%,2.35,4.96M,R$ 128.69B,2026-10-01 01:05:51,
LREN3,Lojas Renner S.A.,AÇÃO,Consumer Cyclical,R$ 11.60,R$ 0.92,7.93%,1.08,16.49M,R$ 11.00B,2026-10-01 01:05:52,
MGLU3,Magazine Luiza S.A.,AÇÃO,Consumer Cyclical,R$ 7.46,R$ 0.08,1.09%,0.52,24.73M,R$ 5.79B,2026-10-01 01:05:52,
MULT3,Multiplan Empreendimentos Imobiliários S.A.,AÇÃO,Real Estate,R$ 31.72,R$ 0.88,2.77%,2.31,3.89M,R$ 15.52B,2026-10-01 01:05:52,
PCAR3,Companhia Brasileira De Distribuicao,AÇÃO,Consumer Cyclical,R$ 3.35,R$ 0.00,0.0%,4.04,4.60M,R$ 1.65B,2026-10-01 01:05:53,
PETR3,Petróleo Brasileiro S.A. - Petrobras,AÇÃO,Energy,R$ 53.87,R$ 3.66,6.8%,1.44,10.24M,R$ 694.32B,2026-10-01 01:05:53,
PETR4,Petróleo Brasileiro S.A. - Petrobras,AÇÃO,Energy,R$ 49.12,R$ 3.66,7.46%,1.32,40.19M,R$ 671.15B,2026-10-01 01:05:54,
PRIO3,Prio S.A.,AÇÃO,Energy,R$ 60.90,R$ 0.00,0.0%,1.72,7.52M,R$ 48.57B,2026-10-01 01:05:54,
RADL3,Raia Drogasil S.A.,AÇÃO,Healthcare,R$ 18.37,R$ 0.44,2.39%,4.41,10.07M,R$ 32.12B,2026-10-01 01:05:54,
RAIL3,Rumo S.A.,AÇÃO,Industrials,R$ 16.29,R$ 0.11,0.67%,2.09,11.08M,R$ 30.23B,2026-10-01 01:05:55,
RAIZ4,Raízen S.A.,AÇÃO,Utilities,R$ 0.31,R$ 0.00,0.0%,-0.29,15.16M,R$ 3.21B,2026-10-01 01:05:55,
RECV3,Petroreconcavo S.A.,AÇÃO,Energy,R$ 10.67,R$ 1.71,15.98%,0.71,2.08M,R$ 3.13B,2026-10-01 01:05:55,
RENT3,Localiza Rent a Car S.A.,AÇÃO,Industrials,R$ 40.50,R$ 2.13,5.26%,1.65,9.27M,R$ 44.74B,2026-10-01 01:05:56,
SANB11,Banco Santander (Brasil) S.A.,FII/UNIT,Financial Services,R$ 28.75,R$ 2.31,8.03%,0.85,4.63M,R$ 154.49B,2026-10-01 01:05:56,
SBSP3,Companhia de Saneamento Básico do Estado de São Paulo - SABESP,AÇÃO,Utilities,R$ 27.43,R$ 0.69,2.53%,2.14,18.59M,R$ 96.46B,2026-10-01 01:05:57,
SLCE3,SLC Agrícola S.A.,AÇÃO,Consumer Defensive,R$ 16.81,R$ 0.81,4.79%,1.54,3.10M,R$ 8.34B,2026-10-01 01:05:57,
SMTO3,São Martinho S.A.,AÇÃO,Basic Materials,R$ 17.76,R$ 0.22,1.22%,0.78,1.86M,R$ 5.73B,2026-10-01 01:05:57,
SUZB3,Suzano S.A.,AÇÃO,Basic Materials,R$ 44.20,R$ 1.12,2.54%,1.25,6.04M,R$ 54.43B,2026-10-01 01:05:58,
TAEE11,Transmissora Aliança de Energia Elétrica S.A.,FII/UNIT,Utilities,R$ 41.81,R$ 3.01,7.19%,1.78,1.90M,R$ 43.21B,2026-10-01 01:05:58,
TIMS3,TIM S.A.,AÇÃO,Communication Services,R$ 18.33,R$ 1.47,8.03%,1.79,7.56M,R$ 43.78B,2026-10-01 01:05:59,
TOTS3,TOTVS S.A.,AÇÃO,Technology,R$ 33.43,R$ 0.68,2.03%,3.51,4.33M,R$ 18.95B,2026-10-01 01:05:59,
UGPA3,Ultrapar Participações S.A.,AÇÃO,Energy,R$ 37.65,R$ 2.00,5.31%,2.44,10.37M,R$ 40.06B,2026-10-01 01:06:00,
USIM5,Usinas Siderúrgicas de Minas Gerais S.A.,AÇÃO,Basic Materials,R$ 7.01,R$ 0.00,0.0%,0.42,10.44M,R$ 8.63B,2026-10-01 01:06:00,
VALE3,Vale S.A.,AÇÃO,Basic Materials,R$ 69.91,R$ 5.61,8.03%,1.51,18.65M,R$ 297.52B,2026-10-01 01:06:00,
VBBR3,Vibra Energia S.A.,AÇÃO,Consumer Cyclical,R$ 37.16,R$ 1.98,5.32%,1.89,9.61M,R$ 44.45B,2026-10-01 01:06:01,
VIVA3,Vivara Participações S.A.,AÇÃO,Consumer Cyclical,R$ 23.60,R$ 0.70,2.96%,1.74,2.86M,R$ 5.54B,2026-10-01 01:06:01,
VIVT3,Telefônica Brasil S.A.,AÇÃO,Communication Services,R$ 29.81,R$ 2.55,8.54%,1.37,5.27M,R$ 95.26B,2026-10-01 01:06:02,
WEGE3,WEG S.A.,AÇÃO,Industrials,R$ 49.46,R$ 2.00,4.05%,11.0,7.64M,R$ 207.53B,2026-10-01 01:06:02,
YDUQ3,Yduqs Participações S.A.,AÇÃO,Consumer Defensive,R$ 11.14,R$ 0.57,5.11%,0.97,4.85M,R$ 2.83B,2026-10-01 01:06:03,
ACWI11,TREND ETF BLOOMBERG ALL COUNTRIES CLASSE DE ÍNDICE - RESPONSABILIDADE LIMITADA,FII/UNIT,N/D,R$ 17.32,R$ 0.00,0.0%,0.0,115.76K,R$ 0.00,2026-10-01 01:06:03,
B5P211,IT NOW IMA-B5 P2 FUNDO DE INDICE RESPONSABILIDADE LIMITADA,FII/UNIT,N/D,R$ 113.21,R$ 0.00,0.0%,0.0,158.75K,R$ 0.00,2026-10-01 01:06:03,
BOVA11,ISHARES IBOVESPA CLASSE DE ÍNDICE - RESPONSABILIDADE LIMITADA,FII/UNIT,N/D,R$ 184.08,R$ 0.00,0.0%,0.0,3.42M,R$ 0.00,2026-10-01 01:06:03,
BOVB11,FUNDO DE INVESTIMENTO DE ÍNDICE - CLASSE DE INVESTIMENTO ETF BRADESCO IBOVESPA - RESP LIMITADA,FII/UNIT,N/D,R$ 191.15,R$ 0.00,0.0%,0.0,45.62K,R$ 0.00,2026-10-01 01:06:04,
BOVV11,IT NOW IBOVESPA FUNDO DE ÍNDICE RESPONSABILIDADE LIMITADA,FII/UNIT,N/D,R$ 193.02,R$ 0.00,0.0%,0.0,471.36K,R$ 0.00,2026-10-01 01:06:04,
DIVO11,IT NOW IDIV FUNDO DE ÍNDICE RESPONSABILIDADE LIMITADA,FII/UNIT,N/D,R$ 132.78,R$ 0.00,0.0%,0.0,194.62K,R$ 0.00,2026-10-01 01:06:04,
ECOO11,ISHARES INDICE CARBONO EFICIENTE (ICO2) BRASIL IS CLASSE DE ÍNDICE - RESPONSABILIDADE LIMITADA,FII/UNIT,N/D,R$ 156.94,R$ 0.00,0.0%,0.0,86.00,R$ 0.00,2026-10-01 01:06:05,
FIND11,IT NOW IFNC FUNDO DE ÍNDICE - RESPONSABILIDADE LIMITADA,FII/UNIT,N/D,R$ 195.00,R$ 0.00,0.0%,0.0,25.43K,R$ 0.00,2026-10-01 01:06:05,
GOLD11,TREND ETF LBMA OURO CLASSE DE ÍNDICE INVESTIMENTO NO EXTERIOR - RESPONSABILIDADE LIMITADA,FII/UNIT,N/D,R$ 22.28,R$ 0.00,0.0%,0.0,1.21M,R$ 0.00,2026-10-01 01:06:05,
HASH11,HASHDEX NASDAQ CME CRYPTO INDEX FUNDO DE ÍNDICE - RESPONSABILIDADE LIMITADA,FII/UNIT,N/D,R$ 56.93,R$ 0.00,0.0%,0.0,245.08K,R$ 0.00,2026-10-01 01:06:05,
IMAB11,IT NOW ID ETF IMA-B FUNDO DE ÍNDICE RESPONSABILIDADE LIMITADA,FII/UNIT,N/D,R$ 119.34,R$ 0.00,0.0%,0.0,96.84K,R$ 0.00,2026-10-01 01:06:06,
IVVB11,ISHARES S&P 500 CLASSE DE ÍNDICE EM COTAS DE CLASSES DE ÍNDICE IE - RESPONSABILIDADE LIMITADA,FII/UNIT,N/D,R$ 447.37,R$ 0.00,0.0%,0.0,133.54K,R$ 0.00,2026-10-01 01:06:06,
LFTS11,INVESTO TEVA TESOURO SELIC ETF CLASSE DE ÍNDICE - RESPONSABILIDADE LIMITADA,FII/UNIT,N/D,R$ 160.65,R$ 0.00,0.0%,0.0,225.63K,R$ 0.00,2026-10-01 01:06:06,
MATB11,IT NOW IMAT FUNDO DE INDICE RESPONSABILIDADE LIMITADA,FII/UNIT,N/D,R$ 61.38,R$ 0.00,0.0%,0.0,29.12K,R$ 0.00,2026-10-01 01:06:07,
NASD11,TREND ETF NASDAQ 100 CLASSE DE ÍNDICE INVESTIMENTO NO EXTERIOR - RESPONSABILIDADE LIMITADA,FII/UNIT,N/D,R$ 21.88,R$ 0.00,0.0%,0.0,769.67K,R$ 0.00,2026-10-01 01:06:07,
PIBB11,IT NOW PIBB IBRX-50 FUNDO DE ÍNDICE RESPONSABILIDADE LIMITADA,FII/UNIT,N/D,R$ 334.37,R$ 0.00,0.0%,0.0,5.40K,R$ 0.00,2026-10-01 01:06:07,
SMAL11,ISHARES BM&FBOVESPA SMALL CAP CLASSE DE ÍNDICE - RESPONSABILIDADE LIMITADA,FII/UNIT,N/D,R$ 111.93,R$ 0.00,0.0%,0.0,1.93M,R$ 0.00,2026-10-01 01:06:08,
SPXI11,IT NOW S&P500 TRN FUNDO DE ÍNDICE RESPONSABILIDADE LIMITADA,FII/UNIT,N/D,R$ 54.17,R$ 0.00,0.0%,0.0,258.09K,R$ 0.00,2026-10-01 01:06:08,
TECK11,IT NOW NYSE FANG+T FUNDO DE ÍNDICE RESPONSABILIDADE LIMITADA,FII/UNIT,N/D,R$ 128.75,R$ 0.00,0.0%,0.0,72.64K,R$ 0.00,2026-10-01 01:06:08,
XFIX11,TREND ETF IFIX-L CLASSE DE ÍNDICE - RESPONSABILIDADE LIMITADA,FII/UNIT,N/D,R$ 13.22,R$ 0.00,0.0%,0.0,21.50K,R$ 0.00,2026-10-01 01:06:09,
